id,creationDate,lastUpdateDate,createdBy,lastUpdatedBy,ScheduleStatus_ID,displayName,status
1,2020-03-24T20:00:12,2020-03-24T20:00:12,wcampbel@nas.edu,wcampbel@nas.edu,1.0,test,inactive
2,2020-03-24T20:00:12,2020-03-24T20:00:12,wcampbel@nas.edu,wcampbel@nas.edu,2.0,,inactive
3,2020-03-24T20:00:12,2020-03-24T20:00:12,wcampbel@nas.edu,wcampbel@nas.edu,3.0,Actual,active
4,2020-03-24T20:00:12,2020-03-24T20:00:12,wcampbel@nas.edu,wcampbel@nas.edu,4.0,Tentative,active
5,2020-03-24T20:00:12,2020-03-24T20:00:12,wcampbel@nas.edu,wcampbel@nas.edu,5.0,Estimated,active
