{
    "displayLabel": "Schedule Status Type",
    "fields": [
        {
            "displayLabel": "Id",
            "internal": true,
            "key": true,
            "name": "id",
            "oid": "b1eace8a-2836-4b10-88c5-bf7f644775da",
            "required": true,
            "type": "number",
            "unique": true
        },
        {
            "displayLabel": "Created",
            "internal": true,
            "name": "creationDate",
            "oid": "eff47191-b23d-40f5-bbd2-04c9d9fc2d05",
            "type": "datetime"
        },
        {
            "displayLabel": "Last Updated",
            "internal": true,
            "name": "lastUpdateDate",
            "oid": "0c51d1c4-0623-4cc7-abe6-25a90365bd5d",
            "type": "datetime"
        },
        {
            "displayLabel": "Created By",
            "internal": true,
            "name": "createdBy",
            "oid": "15750ee9-70fc-4398-92d4-b7a6d787f64a",
            "type": "string"
        },
        {
            "displayLabel": "Last Updated By",
            "internal": true,
            "name": "lastUpdatedBy",
            "oid": "42bbdc1c-eaef-409a-8fbe-691a2994df9d",
            "type": "string"
        },
        {
            "displayLabel": "<internal>",
            "hidden": true,
            "internal": true,
            "name": "abcsChangeNumber",
            "oid": "6d6c426a-89ae-4f25-8fc9-084c832e6cc9",
            "type": "number"
        },
        {
            "displayLabel": "ScheduleStatus_ID",
            "name": "ScheduleStatus_ID",
            "oid": "7e3bf20f-ee4f-493f-93be-fc3775497bfe",
            "type": "number"
        },
        {
            "displayLabel": "Display Name",
            "name": "displayName",
            "oid": "ed95be5e-9b02-482f-86e9-46ec650fb8da",
            "type": "string"
        },
        {
            "displayLabel": "Status",
            "name": "status",
            "oid": "04677cce-862f-45af-8c4e-dbf6972ca8d5",
            "type": "string"
        }
    ],
    "name": "ScheduleStatusType",
    "oid": "3f340146-d346-466d-852c-6aa22cd8a8e8",
    "setupData": true
}