{
    "displayLabel": "Action Type",
    "fields": [
        {
            "displayLabel": "Id",
            "internal": true,
            "key": true,
            "name": "id",
            "oid": "c89aa3fc-0688-46b7-8294-48f52d4c91f2",
            "required": true,
            "type": "number",
            "unique": true
        },
        {
            "displayLabel": "Created",
            "internal": true,
            "name": "creationDate",
            "oid": "bade87f4-4fb1-4f5a-bdf1-7fa6cb7577b0",
            "type": "datetime"
        },
        {
            "displayLabel": "Last Updated",
            "internal": true,
            "name": "lastUpdateDate",
            "oid": "fccafd97-aaab-45c2-931c-d7c415c672ec",
            "type": "datetime"
        },
        {
            "displayLabel": "Created By",
            "internal": true,
            "name": "createdBy",
            "oid": "090f753c-ee65-4910-a947-3e4a864ea7b0",
            "type": "string"
        },
        {
            "displayLabel": "Last Updated By",
            "internal": true,
            "name": "lastUpdatedBy",
            "oid": "7c76fdce-2554-4eb5-9e30-95be9a73eada",
            "type": "string"
        },
        {
            "displayLabel": "<internal>",
            "hidden": true,
            "internal": true,
            "name": "abcsChangeNumber",
            "oid": "815d5bc4-423d-4d5e-9e24-57e449034ef0",
            "type": "number"
        },
        {
            "displayLabel": "ACTION_ID",
            "name": "ACTION_ID",
            "oid": "a62dff07-8125-41f0-bb4b-25366aaa0dd0",
            "type": "number"
        },
        {
            "displayLabel": "DisplayName",
            "name": "displayName",
            "oid": "bc9b4245-b875-4ec8-8745-4c14dbf5b46b",
            "type": "string"
        },
        {
            "displayLabel": "status",
            "name": "status",
            "oid": "96d4fa14-691a-4fa4-aad6-a266cc2efab6",
            "type": "string"
        },
        {
            "name": "electionsAwardsAndAnnou",
            "oid": "0a4100cc-c60e-4b07-bfdf-b834a04d01e3",
            "displayLabel": "Elections, Awards And Announcements",
            "type": "reference"
        }
    ],
    "name": "ActionType",
    "oid": "fd3fd6f0-0466-46e4-9571-93c73d829f02",
    "setupData": true,
    "relationships": [
        {
            "name": "electionsAwardsAndAnno2",
            "reverseRelationship": "actionTypeCollection",
            "targetEntity": "ElectionsAwardsAnnounce",
            "type": "outgoing",
            "exposeAccessor": true,
            "mappingField": "electionsAwardsAndAnnou",
            "deleteRule": "restrict"
        }
    ]
}