id,creationDate,lastUpdateDate,createdBy,lastUpdatedBy,ACTION_ID,displayName,status,electionsAwardsAndAnnou
1,2020-03-31T15:08:51,2020-03-31T15:08:51,wcampbel@nas.edu,wcampbel@nas.edu,1.0,ACADEMY CLOSED -- NO RELEASES,inactive,
2,2020-03-31T15:08:51,2020-03-31T15:08:51,wcampbel@nas.edu,wcampbel@nas.edu,2.0,available to reporters upon request,inactive,
3,2020-03-31T15:08:51,2020-03-31T15:08:51,wcampbel@nas.edu,wcampbel@nas.edu,3.0,brochures,inactive,
4,2020-03-31T15:08:51,2020-03-31T15:08:51,wcampbel@nas.edu,wcampbel@nas.edu,4.0,Conference Call,active,
5,2020-03-31T15:08:51,2020-03-31T15:08:51,wcampbel@nas.edu,wcampbel@nas.edu,5.0,CQ notice,inactive,
6,2020-03-31T15:08:51,2020-03-31T15:08:51,wcampbel@nas.edu,wcampbel@nas.edu,6.0,Daybook,active,
7,2020-03-31T15:08:51,2020-03-31T15:08:51,wcampbel@nas.edu,wcampbel@nas.edu,7.0,E-mail notice,active,
8,2020-03-31T15:08:51,2020-03-31T15:08:51,wcampbel@nas.edu,wcampbel@nas.edu,8.0,EurekAlert!,active,
9,2020-03-31T15:08:51,2020-03-31T15:08:51,wcampbel@nas.edu,wcampbel@nas.edu,9.0,InFocus,active,
10,2020-03-31T15:08:51,2020-03-31T15:08:51,wcampbel@nas.edu,wcampbel@nas.edu,10.0,IOM Announcement,inactive,
11,2020-03-31T15:08:51,2020-03-31T15:08:51,wcampbel@nas.edu,wcampbel@nas.edu,11.0,launch meeting,inactive,
12,2020-03-31T15:08:51,2020-03-31T15:08:51,wcampbel@nas.edu,wcampbel@nas.edu,12.0,List,active,
13,2020-03-31T15:08:51,2020-03-31T15:08:51,wcampbel@nas.edu,wcampbel@nas.edu,13.0,listed,inactive,
14,2020-03-31T15:08:51,2020-03-31T15:08:51,wcampbel@nas.edu,wcampbel@nas.edu,14.0,mail,inactive,
15,2020-03-31T15:08:51,2020-03-31T15:08:51,wcampbel@nas.edu,wcampbel@nas.edu,15.0,Media Advisory,active,
16,2020-03-31T15:08:51,2020-03-31T15:08:51,wcampbel@nas.edu,wcampbel@nas.edu,16.0,media notice,inactive,
17,2020-03-31T15:08:51,2020-03-31T15:08:51,wcampbel@nas.edu,wcampbel@nas.edu,17.0,news conference,inactive,
18,2020-03-31T15:08:51,2020-03-31T15:08:51,wcampbel@nas.edu,wcampbel@nas.edu,18.0,News Conference (no webcast),active,
19,2020-03-31T15:08:51,2020-03-31T15:08:51,wcampbel@nas.edu,wcampbel@nas.edu,19.0,News Conference (webcast),active,
20,2020-03-31T15:08:51,2020-03-31T15:08:51,wcampbel@nas.edu,wcampbel@nas.edu,20.0,News Conference? (no webcast),active,
21,2020-03-31T15:08:51,2020-03-31T15:08:51,wcampbel@nas.edu,wcampbel@nas.edu,21.0,News Conference? (webcast?),active,
22,2020-03-31T15:08:51,2020-03-31T15:08:51,wcampbel@nas.edu,wcampbel@nas.edu,22.0,News Release,active,
23,2020-03-31T15:08:51,2020-03-31T15:08:51,wcampbel@nas.edu,wcampbel@nas.edu,23.0,News Release?,active,
24,2020-03-31T15:08:51,2020-03-31T15:08:51,wcampbel@nas.edu,wcampbel@nas.edu,24.0,NewsReport,inactive,
25,2020-03-31T15:08:51,2020-03-31T15:08:51,wcampbel@nas.edu,wcampbel@nas.edu,25.0,on-site support,inactive,
26,2020-03-31T15:08:51,2020-03-31T15:08:51,wcampbel@nas.edu,wcampbel@nas.edu,26.0,op-ed,inactive,
27,2020-03-31T15:08:51,2020-03-31T15:08:51,wcampbel@nas.edu,wcampbel@nas.edu,27.0,PIO Notification,active,
28,2020-03-31T15:08:51,2020-03-31T15:08:51,wcampbel@nas.edu,wcampbel@nas.edu,28.0,post electronic versions of Tip-sheet and TOC,inactive,
29,2020-03-31T15:08:51,2020-03-31T15:08:51,wcampbel@nas.edu,wcampbel@nas.edu,29.0,Public Briefing (no webcast),active,
30,2020-03-31T15:08:51,2020-03-31T15:08:51,wcampbel@nas.edu,wcampbel@nas.edu,30.0,Public Briefing (webcast),active,
31,2020-03-31T15:08:51,2020-03-31T15:08:51,wcampbel@nas.edu,wcampbel@nas.edu,31.0,Public Briefing? (no webcast),active,
32,2020-03-31T15:08:51,2020-03-31T15:08:51,wcampbel@nas.edu,wcampbel@nas.edu,32.0,Public Briefing? (webcast?),active,
33,2020-03-31T15:08:51,2020-03-31T15:08:51,wcampbel@nas.edu,wcampbel@nas.edu,33.0,Publication Announcement,active,
34,2020-03-31T15:08:51,2020-03-31T15:08:51,wcampbel@nas.edu,wcampbel@nas.edu,34.0,publication announcement?,inactive,
35,2020-03-31T15:08:51,2020-03-31T15:08:51,wcampbel@nas.edu,wcampbel@nas.edu,35.0,radio media tour,inactive,
36,2020-03-31T15:08:51,2020-03-31T15:08:51,wcampbel@nas.edu,wcampbel@nas.edu,36.0,radio news release,inactive,
37,2020-03-31T15:08:51,2020-03-31T15:08:51,wcampbel@nas.edu,wcampbel@nas.edu,37.0,Report in Brief,inactive,
38,2020-03-31T15:08:51,2020-03-31T15:08:51,wcampbel@nas.edu,wcampbel@nas.edu,38.0,satellite media tour,inactive,
39,2020-03-31T15:08:51,2020-03-31T15:08:51,wcampbel@nas.edu,wcampbel@nas.edu,39.0,sign-in sheet,inactive,
40,2020-03-31T15:08:51,2020-03-31T15:08:51,wcampbel@nas.edu,wcampbel@nas.edu,40.0,Site Highlight,active,
41,2020-03-31T15:08:51,2020-03-31T15:08:51,wcampbel@nas.edu,wcampbel@nas.edu,41.0,societies list,inactive,
42,2020-03-31T15:08:51,2020-03-31T15:08:51,wcampbel@nas.edu,wcampbel@nas.edu,42.0,special event,inactive,
43,2020-03-31T15:08:51,2020-03-31T15:08:51,wcampbel@nas.edu,wcampbel@nas.edu,43.0,special list,inactive,
44,2020-03-31T15:08:51,2020-03-31T15:08:51,wcampbel@nas.edu,wcampbel@nas.edu,44.0,Special Mailing,active,
45,2020-03-31T15:08:51,2020-03-31T15:08:51,wcampbel@nas.edu,wcampbel@nas.edu,45.0,ss list,inactive,
46,2020-03-31T15:08:51,2020-03-31T15:08:51,wcampbel@nas.edu,wcampbel@nas.edu,46.0,Top News,inactive,
47,2020-03-31T15:08:51,2020-03-31T15:08:51,wcampbel@nas.edu,wcampbel@nas.edu,47.0,Top News (no news document),active,
48,2020-03-31T15:08:51,2020-03-31T15:08:51,wcampbel@nas.edu,wcampbel@nas.edu,48.0,Top News? (no news document),active,
49,2020-03-31T15:08:51,2020-03-31T15:08:51,wcampbel@nas.edu,wcampbel@nas.edu,49.0,video news release,inactive,
50,2020-03-31T15:08:51,2020-03-31T15:08:51,wcampbel@nas.edu,wcampbel@nas.edu,50.0,VNR,inactive,
51,2020-03-31T15:08:51,2020-03-31T15:08:51,wcampbel@nas.edu,wcampbel@nas.edu,51.0,Web-only release (no hard copies available),inactive,
52,2020-03-31T15:08:51,2020-03-31T15:08:51,wcampbel@nas.edu,wcampbel@nas.edu,52.0,Web audio (not live),inactive,
53,2020-03-31T15:08:51,2020-03-31T15:08:51,wcampbel@nas.edu,wcampbel@nas.edu,53.0,Web audio? (not live),inactive,
54,2020-03-31T15:08:51,2020-03-31T15:08:51,wcampbel@nas.edu,wcampbel@nas.edu,54.0,web blurb,inactive,
55,2020-03-31T15:08:51,2020-03-31T15:08:51,wcampbel@nas.edu,wcampbel@nas.edu,55.0,web only,inactive,
56,2020-03-31T15:08:51,2020-03-31T15:08:51,wcampbel@nas.edu,wcampbel@nas.edu,56.0,Webcast,active,
57,2020-03-31T15:08:51,2020-03-31T15:08:51,wcampbel@nas.edu,wcampbel@nas.edu,57.0,Webcast?,active,
58,2020-03-31T15:08:51,2020-03-31T15:08:51,wcampbel@nas.edu,wcampbel@nas.edu,58.0,WebExtra,inactive,
59,2020-03-31T15:08:51,2020-03-31T15:08:51,wcampbel@nas.edu,wcampbel@nas.edu,59.0,WebExtra?,inactive,
60,2020-03-31T15:08:51,2020-03-31T15:08:51,wcampbel@nas.edu,wcampbel@nas.edu,60.0,agenda,inactive,
61,2020-03-31T15:08:51,2020-03-31T15:08:51,wcampbel@nas.edu,wcampbel@nas.edu,61.0,atlanta daybook+calls,inactive,
62,2020-03-31T15:08:51,2020-03-31T15:08:51,wcampbel@nas.edu,wcampbel@nas.edu,62.0,audiocast,inactive,
63,2020-03-31T15:08:51,2020-03-31T15:08:51,wcampbel@nas.edu,wcampbel@nas.edu,63.0,b-roll shoot,inactive,
64,2020-03-31T15:08:51,2020-03-31T15:08:51,wcampbel@nas.edu,wcampbel@nas.edu,64.0,calls,inactive,
65,2020-03-31T15:08:51,2020-03-31T15:08:51,wcampbel@nas.edu,wcampbel@nas.edu,65.0,contact emory,inactive,
66,2020-03-31T15:08:51,2020-03-31T15:08:51,wcampbel@nas.edu,wcampbel@nas.edu,66.0,cyclife.cal,inactive,
67,2020-03-31T15:08:51,2020-03-31T15:08:51,wcampbel@nas.edu,wcampbel@nas.edu,67.0,daybook (Denver media),inactive,
68,2020-03-31T15:08:51,2020-03-31T15:08:51,wcampbel@nas.edu,wcampbel@nas.edu,68.0,discuss options for future courses,inactive,
69,2020-03-31T15:08:51,2020-03-31T15:08:51,wcampbel@nas.edu,wcampbel@nas.edu,69.0,edit all day,inactive,
70,2020-03-31T15:08:51,2020-03-31T15:08:51,wcampbel@nas.edu,wcampbel@nas.edu,70.0,FYI,inactive,
71,2020-03-31T15:08:51,2020-03-31T15:08:51,wcampbel@nas.edu,wcampbel@nas.edu,71.0,interview with Chuck Stevens,inactive,
72,2020-03-31T15:08:51,2020-03-31T15:08:51,wcampbel@nas.edu,wcampbel@nas.edu,72.0,interview with David Savitz,inactive,
73,2020-03-31T15:08:51,2020-03-31T15:08:51,wcampbel@nas.edu,wcampbel@nas.edu,73.0,list only,inactive,
74,2020-03-31T15:08:51,2020-03-31T15:08:51,wcampbel@nas.edu,wcampbel@nas.edu,74.0,luncheon,inactive,
75,2020-03-31T15:08:51,2020-03-31T15:08:51,wcampbel@nas.edu,wcampbel@nas.edu,75.0,listserv,inactive,
76,2020-03-31T15:08:51,2020-03-31T15:08:51,wcampbel@nas.edu,wcampbel@nas.edu,76.0,Mark and Craig plan to attend this conference from June 12 -14,inactive,
77,2020-03-31T15:08:51,2020-03-31T15:08:51,wcampbel@nas.edu,wcampbel@nas.edu,77.0,media advisory (repeat),inactive,
78,2020-03-31T15:08:51,2020-03-31T15:08:51,wcampbel@nas.edu,wcampbel@nas.edu,78.0,murder session in Irvine,inactive,
79,2020-03-31T15:08:51,2020-03-31T15:08:51,wcampbel@nas.edu,wcampbel@nas.edu,79.0,NYC media tour,inactive,
80,2020-03-31T15:08:51,2020-03-31T15:08:51,wcampbel@nas.edu,wcampbel@nas.edu,80.0,on-site support for public comment session,inactive,
81,2020-03-31T15:08:51,2020-03-31T15:08:51,wcampbel@nas.edu,wcampbel@nas.edu,81.0,Photo-op only.  The list is closed -- all slots are filled,inactive,
82,2020-03-31T15:08:51,2020-03-31T15:08:51,wcampbel@nas.edu,wcampbel@nas.edu,82.0,targeted calls,inactive,
83,2020-03-31T15:08:51,2020-03-31T15:08:51,wcampbel@nas.edu,wcampbel@nas.edu,83.0,targetted list,inactive,
84,2020-03-31T15:08:51,2020-03-31T15:08:51,wcampbel@nas.edu,wcampbel@nas.edu,84.0,radio release,inactive,
85,2020-03-31T15:08:51,2020-03-31T15:08:51,wcampbel@nas.edu,wcampbel@nas.edu,85.0,Radio media tour,inactive,
86,2020-03-31T15:08:51,2020-03-31T15:08:51,wcampbel@nas.edu,wcampbel@nas.edu,86.0,Radio news release,inactive,
87,2020-03-31T15:08:51,2020-03-31T15:08:51,wcampbel@nas.edu,wcampbel@nas.edu,87.0,sign-in,inactive,
88,2020-03-31T15:08:51,2020-03-31T15:08:51,wcampbel@nas.edu,wcampbel@nas.edu,88.0,special notification,inactive,
89,2020-03-31T15:08:51,2020-03-31T15:08:51,wcampbel@nas.edu,wcampbel@nas.edu,89.0,special tipsheet,inactive,
90,2020-03-31T15:08:51,2020-03-31T15:08:51,wcampbel@nas.edu,wcampbel@nas.edu,90.0,Statement by Bruce Alberts,inactive,
91,2020-03-31T15:08:51,2020-03-31T15:08:51,wcampbel@nas.edu,wcampbel@nas.edu,91.0,Web activities,inactive,
92,2020-03-31T15:08:51,2020-03-31T15:08:51,wcampbel@nas.edu,wcampbel@nas.edu,92.0,web brochures,inactive,
93,2020-03-31T15:08:51,2020-03-31T15:08:51,wcampbel@nas.edu,wcampbel@nas.edu,93.0,web?,inactive,
94,2020-03-31T15:08:51,2020-03-31T15:08:51,wcampbel@nas.edu,wcampbel@nas.edu,94.0,Web-only release,inactive,
95,2020-03-31T15:08:51,2020-03-31T15:08:51,wcampbel@nas.edu,wcampbel@nas.edu,95.0,week-ahead book,inactive,
96,2020-03-31T15:08:51,2020-03-31T15:08:51,wcampbel@nas.edu,wcampbel@nas.edu,96.0,12/17 seminar,inactive,
97,2020-03-31T15:08:51,2020-03-31T15:08:51,wcampbel@nas.edu,wcampbel@nas.edu,97.0,approved copy due to mdm,inactive,
98,2020-03-31T15:08:51,2020-03-31T15:08:51,wcampbel@nas.edu,wcampbel@nas.edu,98.0,August 3,inactive,
99,2020-03-31T15:08:51,2020-03-31T15:08:51,wcampbel@nas.edu,wcampbel@nas.edu,99.0,available online only,inactive,
100,2020-03-31T15:08:51,2020-03-31T15:08:51,wcampbel@nas.edu,wcampbel@nas.edu,100.0,BA statement,inactive,
101,2020-03-31T15:08:51,2020-03-31T15:08:51,wcampbel@nas.edu,wcampbel@nas.edu,101.0,BA statement?,inactive,
102,2020-03-31T15:08:51,2020-03-31T15:08:51,wcampbel@nas.edu,wcampbel@nas.edu,102.0,books due Nov. 15,inactive,
103,2020-03-31T15:08:51,2020-03-31T15:08:51,wcampbel@nas.edu,wcampbel@nas.edu,103.0,call selected reporters,inactive,
104,2020-03-31T15:08:51,2020-03-31T15:08:51,wcampbel@nas.edu,wcampbel@nas.edu,104.0,call/fax key reporters,inactive,
105,2020-03-31T15:08:51,2020-03-31T15:08:51,wcampbel@nas.edu,wcampbel@nas.edu,105.0,clip nominations due to ch,inactive,
106,2020-03-31T15:08:51,2020-03-31T15:08:51,wcampbel@nas.edu,wcampbel@nas.edu,106.0,dear colleague,inactive,
107,2020-03-31T15:08:51,2020-03-31T15:08:51,wcampbel@nas.edu,wcampbel@nas.edu,107.0,dear colleague letter,inactive,
108,2020-03-31T15:08:51,2020-03-31T15:08:51,wcampbel@nas.edu,wcampbel@nas.edu,108.0,Decision made not to publish w,inactive,
109,2020-03-31T15:08:51,2020-03-31T15:08:51,wcampbel@nas.edu,wcampbel@nas.edu,109.0,edit on Monday March 25,inactive,
110,2020-03-31T15:08:51,2020-03-31T15:08:51,wcampbel@nas.edu,wcampbel@nas.edu,110.0,email notify,inactive,
111,2020-03-31T15:08:51,2020-03-31T15:08:51,wcampbel@nas.edu,wcampbel@nas.edu,111.0,FEDEX to Woods Hole on Wednesd,inactive,
112,2020-03-31T15:08:51,2020-03-31T15:08:51,wcampbel@nas.edu,wcampbel@nas.edu,112.0,focus on math socs,inactive,
113,2020-03-31T15:08:51,2020-03-31T15:08:51,wcampbel@nas.edu,wcampbel@nas.edu,113.0,forum,inactive,
114,2020-03-31T15:08:51,2020-03-31T15:08:51,wcampbel@nas.edu,wcampbel@nas.edu,114.0,has cleared review,inactive,
115,2020-03-31T15:08:51,2020-03-31T15:08:51,wcampbel@nas.edu,wcampbel@nas.edu,115.0,highlight on web,inactive,
116,2020-03-31T15:08:51,2020-03-31T15:08:51,wcampbel@nas.edu,wcampbel@nas.edu,116.0,Hill testimony,inactive,
117,2020-03-31T15:08:51,2020-03-31T15:08:51,wcampbel@nas.edu,wcampbel@nas.edu,117.0,hold,inactive,
118,2020-03-31T15:08:51,2020-03-31T15:08:51,wcampbel@nas.edu,wcampbel@nas.edu,118.0,in review 11/26,inactive,
119,2020-03-31T15:08:51,2020-03-31T15:08:51,wcampbel@nas.edu,wcampbel@nas.edu,119.0,letter,inactive,
120,2020-03-31T15:08:51,2020-03-31T15:08:51,wcampbel@nas.edu,wcampbel@nas.edu,120.0,letter from co-chair,inactive,
121,2020-03-31T15:08:51,2020-03-31T15:08:51,wcampbel@nas.edu,wcampbel@nas.edu,121.0,list and mail only,inactive,
122,2020-03-31T15:08:51,2020-03-31T15:08:51,wcampbel@nas.edu,wcampbel@nas.edu,122.0,list (Aug 97),inactive,
123,2020-03-31T15:08:51,2020-03-31T15:08:51,wcampbel@nas.edu,wcampbel@nas.edu,123.0,list (July 97),inactive,
124,2020-03-31T15:08:51,2020-03-31T15:08:51,wcampbel@nas.edu,wcampbel@nas.edu,124.0,Listed in Events,inactive,
125,2020-03-31T15:08:51,2020-03-31T15:08:51,wcampbel@nas.edu,wcampbel@nas.edu,125.0,listed only,inactive,
126,2020-03-31T15:08:51,2020-03-31T15:08:51,wcampbel@nas.edu,wcampbel@nas.edu,126.0,listed (in Nov./Dec. R&E),inactive,
127,2020-03-31T15:08:51,2020-03-31T15:08:51,wcampbel@nas.edu,wcampbel@nas.edu,127.0,listed (relisted in Sept.],inactive,
128,2020-03-31T15:08:51,2020-03-31T15:08:51,wcampbel@nas.edu,wcampbel@nas.edu,128.0,location interviews in Boston-,inactive,
129,2020-03-31T15:08:51,2020-03-31T15:08:51,wcampbel@nas.edu,wcampbel@nas.edu,129.0,luncheon seminar,inactive,
130,2020-03-31T15:08:51,2020-03-31T15:08:51,wcampbel@nas.edu,wcampbel@nas.edu,130.0,mailing,inactive,
131,2020-03-31T15:08:51,2020-03-31T15:08:51,wcampbel@nas.edu,wcampbel@nas.edu,131.0,media advisory on the 11th,inactive,
132,2020-03-31T15:08:51,2020-03-31T15:08:51,wcampbel@nas.edu,wcampbel@nas.edu,132.0,media breakfast,inactive,
133,2020-03-31T15:08:51,2020-03-31T15:08:51,wcampbel@nas.edu,wcampbel@nas.edu,133.0,notify selected additional rep,inactive,
134,2020-03-31T15:08:51,2020-03-31T15:08:51,wcampbel@nas.edu,wcampbel@nas.edu,134.0,NYC briefing,inactive,
135,2020-03-31T15:08:51,2020-03-31T15:08:51,wcampbel@nas.edu,wcampbel@nas.edu,135.0,off-site briefing,inactive,
136,2020-03-31T15:08:51,2020-03-31T15:08:51,wcampbel@nas.edu,wcampbel@nas.edu,136.0,op-ed?,inactive,
137,2020-03-31T15:08:51,2020-03-31T15:08:51,wcampbel@nas.edu,wcampbel@nas.edu,137.0,opening statement,inactive,
138,2020-03-31T15:08:51,2020-03-31T15:08:51,wcampbel@nas.edu,wcampbel@nas.edu,138.0,pitch to call list,inactive,
139,2020-03-31T15:08:51,2020-03-31T15:08:51,wcampbel@nas.edu,wcampbel@nas.edu,139.0,PNAS,inactive,
140,2020-03-31T15:08:51,2020-03-31T15:08:51,wcampbel@nas.edu,wcampbel@nas.edu,140.0,post-release seminar,inactive,
141,2020-03-31T15:08:51,2020-03-31T15:08:51,wcampbel@nas.edu,wcampbel@nas.edu,141.0,pub brfg. in spokane,inactive,
142,2020-03-31T15:08:51,2020-03-31T15:08:51,wcampbel@nas.edu,wcampbel@nas.edu,142.0,public meeting,inactive,
143,2020-03-31T15:08:51,2020-03-31T15:08:51,wcampbel@nas.edu,wcampbel@nas.edu,143.0,public version,inactive,
144,2020-03-31T15:08:51,2020-03-31T15:08:51,wcampbel@nas.edu,wcampbel@nas.edu,144.0,RE-list,inactive,
145,2020-03-31T15:08:51,2020-03-31T15:08:51,wcampbel@nas.edu,wcampbel@nas.edu,145.0,satellite tour,inactive,
146,2020-03-31T15:08:51,2020-03-31T15:08:51,wcampbel@nas.edu,wcampbel@nas.edu,146.0,Satellite uplink on May 30,inactive,
147,2020-03-31T15:08:51,2020-03-31T15:08:51,wcampbel@nas.edu,wcampbel@nas.edu,147.0,Science article only,inactive,
148,2020-03-31T15:08:51,2020-03-31T15:08:51,wcampbel@nas.edu,wcampbel@nas.edu,148.0,scientific societies,inactive,
149,2020-03-31T15:08:51,2020-03-31T15:08:51,wcampbel@nas.edu,wcampbel@nas.edu,149.0,see America's Watersheds,inactive,
150,2020-03-31T15:08:51,2020-03-31T15:08:51,wcampbel@nas.edu,wcampbel@nas.edu,150.0,societies,inactive,
151,2020-03-31T15:08:51,2020-03-31T15:08:51,wcampbel@nas.edu,wcampbel@nas.edu,151.0,spec pub briefing,inactive,
152,2020-03-31T15:08:51,2020-03-31T15:08:51,wcampbel@nas.edu,wcampbel@nas.edu,152.0,special,inactive,
153,2020-03-31T15:08:51,2020-03-31T15:08:51,wcampbel@nas.edu,wcampbel@nas.edu,153.0,special dinner,inactive,
154,2020-03-31T15:08:51,2020-03-31T15:08:51,wcampbel@nas.edu,wcampbel@nas.edu,154.0,special pub briefing,inactive,
155,2020-03-31T15:08:51,2020-03-31T15:08:51,wcampbel@nas.edu,wcampbel@nas.edu,155.0,special reception,inactive,
156,2020-03-31T15:08:51,2020-03-31T15:08:51,wcampbel@nas.edu,wcampbel@nas.edu,156.0,special web activity,inactive,
157,2020-03-31T15:08:51,2020-03-31T15:08:51,wcampbel@nas.edu,wcampbel@nas.edu,157.0,sponsor delivery 12/31,inactive,
158,2020-03-31T15:08:51,2020-03-31T15:08:51,wcampbel@nas.edu,wcampbel@nas.edu,158.0,symposium,inactive,
159,2020-03-31T15:08:51,2020-03-31T15:08:51,wcampbel@nas.edu,wcampbel@nas.edu,159.0,telephone news conference,inactive,
160,2020-03-31T15:08:51,2020-03-31T15:08:51,wcampbel@nas.edu,wcampbel@nas.edu,160.0,Top News?,inactive,
161,2020-03-31T15:08:51,2020-03-31T15:08:51,wcampbel@nas.edu,wcampbel@nas.edu,161.0,two-day video conference on Ju,inactive,
162,2020-03-31T15:08:51,2020-03-31T15:08:51,wcampbel@nas.edu,wcampbel@nas.edu,162.0,video release,inactive,
163,2020-03-31T15:08:51,2020-03-31T15:08:51,wcampbel@nas.edu,wcampbel@nas.edu,163.0,video satellite tour,inactive,
164,2020-03-31T15:08:51,2020-03-31T15:08:51,wcampbel@nas.edu,wcampbel@nas.edu,164.0,web,inactive,
165,2020-03-31T15:08:51,2020-03-31T15:08:51,wcampbel@nas.edu,wcampbel@nas.edu,165.0,Web blurb?,inactive,
166,2020-03-31T15:08:51,2020-03-31T15:08:51,wcampbel@nas.edu,wcampbel@nas.edu,166.0,Web page,inactive,
167,2020-03-31T15:08:51,2020-03-31T15:08:51,wcampbel@nas.edu,wcampbel@nas.edu,167.0,web posting,inactive,
168,2020-03-31T15:08:51,2020-03-31T15:08:51,wcampbel@nas.edu,wcampbel@nas.edu,168.0,Web release,inactive,
169,2020-03-31T15:08:51,2020-03-31T15:08:51,wcampbel@nas.edu,wcampbel@nas.edu,169.0,will be online,inactive,
170,2020-03-31T15:08:51,2020-03-31T15:08:51,wcampbel@nas.edu,wcampbel@nas.edu,170.0,write blurb for What's New,inactive,
171,2020-03-31T15:08:51,2020-03-31T15:08:51,wcampbel@nas.edu,wcampbel@nas.edu,188.0,Hosted event,inactive,
172,2020-03-31T15:08:51,2020-03-31T15:08:51,wcampbel@nas.edu,wcampbel@nas.edu,189.0,,inactive,
173,2020-03-31T15:08:51,2020-03-31T15:08:51,wcampbel@nas.edu,wcampbel@nas.edu,190.0,Listed,active,
174,2020-03-31T15:08:51,2020-03-31T15:08:51,wcampbel@nas.edu,wcampbel@nas.edu,191.0,Public Meeting Registry,active,
175,2020-03-31T15:08:51,2020-03-31T15:08:51,wcampbel@nas.edu,wcampbel@nas.edu,192.0,Take Photo,active,
176,2020-03-31T15:08:51,2020-03-31T15:08:51,wcampbel@nas.edu,wcampbel@nas.edu,193.0,,inactive,
177,2020-03-31T15:08:51,2020-03-31T15:08:51,wcampbel@nas.edu,wcampbel@nas.edu,194.0,News Room Blurb,active,
178,2020-03-31T15:08:51,2020-03-31T15:08:51,wcampbel@nas.edu,wcampbel@nas.edu,195.0,Audio Webcast,active,
179,2020-03-31T15:08:51,2020-03-31T15:08:51,wcampbel@nas.edu,wcampbel@nas.edu,196.0,Video Webcast,active,
180,2020-03-31T15:08:51,2020-03-31T15:08:51,wcampbel@nas.edu,wcampbel@nas.edu,197.0,Webinar,active,
181,2020-03-31T15:08:51,2020-03-31T15:08:51,wcampbel@nas.edu,wcampbel@nas.edu,198.0,Social Media,inactive,
182,2020-03-31T15:08:51,2020-03-31T15:08:51,wcampbel@nas.edu,wcampbel@nas.edu,199.0,Homepage Box,active,
183,2020-03-31T15:08:51,2020-03-31T15:08:51,wcampbel@nas.edu,wcampbel@nas.edu,200.0,Conference Call,inactive,
184,2020-03-31T15:08:51,2020-03-31T15:08:51,wcampbel@nas.edu,wcampbel@nas.edu,201.0,,inactive,
185,2020-03-31T15:08:51,2020-03-31T15:08:51,wcampbel@nas.edu,wcampbel@nas.edu,202.0,ONPI Video,active,
186,2020-03-31T15:08:51,2020-03-31T15:08:51,wcampbel@nas.edu,wcampbel@nas.edu,203.0,ONPI Video,inactive,
