id,creationDate,lastUpdateDate,createdBy,lastUpdatedBy,RecordTypeDescription_ID,displayName,status
1,2020-03-24T19:59:31,2020-03-24T19:59:31,wcampbel@nas.edu,wcampbel@nas.edu,1.0,test,inactive
2,2020-03-24T19:59:31,2020-03-24T19:59:31,wcampbel@nas.edu,wcampbel@nas.edu,2.0,,active
3,2020-03-24T19:59:31,2020-03-24T19:59:31,wcampbel@nas.edu,wcampbel@nas.edu,3.0,Proceedings of a Workshop Summary,active
4,2020-03-24T19:59:31,2020-03-24T19:59:31,wcampbel@nas.edu,wcampbel@nas.edu,4.0,Consensus Study Final Publication,active
5,2020-03-24T19:59:31,2020-03-24T19:59:31,wcampbel@nas.edu,wcampbel@nas.edu,5.0,Letter Report,active
6,2020-03-24T19:59:31,2020-03-24T19:59:31,wcampbel@nas.edu,wcampbel@nas.edu,6.0,Consensus Study Prepublication,active
7,2020-03-24T19:59:31,2020-03-24T19:59:31,wcampbel@nas.edu,wcampbel@nas.edu,7.0,Proceedings of a Workshop,active
8,2020-03-24T19:59:31,2020-03-24T19:59:31,wcampbel@nas.edu,wcampbel@nas.edu,8.0,Proceedings of a Workshop in Brief,active
9,2020-03-24T19:59:31,2020-03-24T19:59:31,wcampbel@nas.edu,wcampbel@nas.edu,9.0,Proceedings of a Workshop,inactive
10,2020-03-24T19:59:31,2020-03-24T19:59:31,wcampbel@nas.edu,wcampbel@nas.edu,10.0,Proceedings of a Symposium,active
