{
    "displayLabel": "Record Type Description",
    "fields": [
        {
            "displayLabel": "Id",
            "internal": true,
            "key": true,
            "name": "id",
            "oid": "ab3b367f-f468-4670-8640-266253463189",
            "required": true,
            "type": "number",
            "unique": true
        },
        {
            "displayLabel": "Created",
            "internal": true,
            "name": "creationDate",
            "oid": "c4c592f3-b6ec-4d4d-92db-6b198ae2f2cd",
            "type": "datetime"
        },
        {
            "displayLabel": "Last Updated",
            "internal": true,
            "name": "lastUpdateDate",
            "oid": "e4abc847-9719-46cd-ae3f-c26090aaf7ee",
            "type": "datetime"
        },
        {
            "displayLabel": "Created By",
            "internal": true,
            "name": "createdBy",
            "oid": "72cb711c-dadc-4449-8bd0-5f15aa0a525a",
            "type": "string"
        },
        {
            "displayLabel": "Last Updated By",
            "internal": true,
            "name": "lastUpdatedBy",
            "oid": "77cc4092-8430-4f39-8065-c9b64c47b888",
            "type": "string"
        },
        {
            "displayLabel": "<internal>",
            "hidden": true,
            "internal": true,
            "name": "abcsChangeNumber",
            "oid": "bbad6b3f-0a58-483e-9d06-cdee4c71ea3c",
            "type": "number"
        },
        {
            "displayLabel": "RecordTypeDescription_ID",
            "name": "RecordTypeDescription_ID",
            "oid": "d26e1d3c-a63f-4536-a5e8-68f4afea096c",
            "type": "number"
        },
        {
            "displayLabel": "Display Name",
            "name": "displayName",
            "oid": "2be5894d-7517-4a2b-97f4-99a3952fe9be",
            "type": "string"
        },
        {
            "displayLabel": "Status",
            "name": "status",
            "oid": "94e45be7-8857-491e-b0f9-c713b0575fb2",
            "type": "string"
        }
    ],
    "name": "RecordTypeDescription",
    "oid": "30e767a5-4881-46e7-a1ca-dbae1c649ec9",
    "setupData": true
}