{
    "displayLabel": "Elections, Awards And Announcements",
    "fields": [
        {
            "displayLabel": "Id",
            "internal": true,
            "key": true,
            "name": "id",
            "oid": "e2944585-8086-457e-8897-a47def60e160",
            "required": true,
            "type": "number",
            "unique": true
        },
        {
            "displayLabel": "Created",
            "internal": true,
            "name": "creationDate",
            "oid": "c1438ef6-5c54-4cbd-9284-c6d32e171444",
            "type": "datetime"
        },
        {
            "displayLabel": "Last Updated",
            "internal": true,
            "name": "lastUpdateDate",
            "oid": "f306bafa-05de-434c-bd34-ba860ecbb57d",
            "type": "datetime"
        },
        {
            "displayLabel": "Created By",
            "internal": true,
            "name": "createdBy",
            "oid": "392b8784-e512-4970-9774-2e623f9b4917",
            "type": "string"
        },
        {
            "displayLabel": "Last Updated By",
            "internal": true,
            "name": "lastUpdatedBy",
            "oid": "aa9619fa-5aa2-41da-baaf-7bccd8e85ed6",
            "type": "string"
        },
        {
            "displayLabel": "<internal>",
            "hidden": true,
            "internal": true,
            "name": "abcsChangeNumber",
            "oid": "c81daf88-4813-4e83-85cd-3d2ddd562909",
            "type": "number"
        },
        {
            "displayLabel": "EAAR_ID",
            "name": "EAAR_ID",
            "oid": "f3285fb1-f41e-49c8-beed-6e04be63e4bd",
            "type": "number"
        },
        {
            "displayLabel": "NewsReleaseTitle",
            "name": "newsReleaseTitle",
            "oid": "931e8f73-2e84-422b-910b-5c85296ee7e5",
            "type": "string"
        },
        {
            "displayLabel": "MO_ID",
            "name": "MO_ID",
            "oid": "ec45c8b8-8043-48b8-ba2a-4cd537fe85b6",
            "type": "number"
        },
        {
            "displayLabel": "ASS_ID",
            "name": "ASS_ID",
            "oid": "f19a4cc1-2df0-4e2a-955e-de6b99b5b248",
            "type": "number"
        },
        {
            "displayLabel": "ACTION_ID",
            "name": "ACTION_ID",
            "oid": "319c862d-07e2-438c-b4f0-3f3674d6f318",
            "type": "string"
        },
        {
            "displayLabel": "Comments_Printout",
            "name": "commentsPrintout",
            "oid": "2e15f312-c0d7-4f4e-b63c-9719228ed17a",
            "type": "string"
        },
        {
            "displayLabel": "TimeCat5",
            "name": "timeCat5",
            "oid": "dfd4f517-27f7-4c4d-b9d5-9aa301269485",
            "type": "string"
        },
        {
            "displayLabel": "PubRelease_Date",
            "name": "pubReleaseDate",
            "oid": "a1e799ff-2342-4af1-bdd1-23fe9fe15969",
            "type": "datetime"
        },
        {
            "displayLabel": "PubRelease_Time",
            "name": "pubReleaseTime",
            "oid": "43f60d0c-de0d-47a6-917b-c0793f1e00a8",
            "type": "string"
        },
        {
            "displayLabel": "PubRelease_StopTime",
            "name": "pubReleaseStopTime",
            "oid": "30540b8e-3074-4b13-8e94-6199f3288708",
            "type": "string"
        },
        {
            "displayLabel": "Description",
            "name": "description",
            "oid": "9d358d53-15f7-4baa-8c8c-cb46a182f14f",
            "type": "string"
        },
        {
            "displayLabel": "Division",
            "name": "division",
            "oid": "59ca7842-68fb-46ff-b444-9052f76116e0",
            "type": "string"
        },
        {
            "displayLabel": "SubUnits",
            "name": "subUnits",
            "oid": "9e8b1fb1-55f8-4ade-9079-d976fed52d5a",
            "type": "string"
        },
        {
            "displayLabel": "studyChair",
            "name": "studyChair",
            "oid": "ce15ccfe-5141-4d4b-8f92-cc2c38f7b0d3",
            "type": "string"
        },
        {
            "displayLabel": "staffOfficer",
            "name": "staffOfficer",
            "oid": "03acf2ee-587b-4c3d-ac6f-ce7d08b50825",
            "type": "string"
        },
        {
            "displayLabel": "staffOfficerPhone",
            "name": "staffOfficerPhone",
            "oid": "03458a4c-d605-47a2-b68c-a2915fd06fb6",
            "type": "string"
        },
        {
            "displayLabel": "recordAuthor",
            "name": "recordAuthor",
            "oid": "4a50109a-9b8a-4b0e-bdfb-4599015a22c9",
            "type": "string"
        },
        {
            "displayLabel": "status",
            "name": "status",
            "oid": "d101b35c-c5eb-4bea-ab98-cfdc6f8882a3",
            "type": "string"
        },
        {
            "displayLabel": "CreateDate",
            "name": "createDate",
            "oid": "bfde4e9d-fe4d-4d7c-bc1d-c8bfdf5c228b",
            "type": "datetime"
        },
        {
            "displayLabel": "ModifiedDate",
            "name": "modifiedDate",
            "oid": "880e3845-89f4-45f3-9d6e-4d72dbda8401",
            "type": "datetime"
        },
        {
            "displayLabel": "RecordTypeDescription_ID",
            "name": "RecordTypeDescription_ID",
            "oid": "d9d3c1f1-45aa-468b-a0b1-a8f287e7e38c",
            "type": "number"
        },
        {
            "displayLabel": "DigitalSocialMedia",
            "name": "digitalSocialMedia",
            "oid": "c6f64070-4a54-42a2-89cb-ad4a0c5ed590",
            "type": "string"
        }
    ],
    "name": "ElectionsAwardsAnnounce",
    "oid": "1136b621-9f92-4427-9bfe-24c72ebaab66",
    "relationships": [
        {
            "name": "actionTypeCollection",
            "reverseRelationship": "electionsAwardsAndAnno2",
            "targetEntity": "ActionType",
            "type": "incoming",
            "exposeAccessor": false,
            "displayField": "ACTION_ID"
        }
    ]
}