{
    "pageModelVersion": "19.1.5",
    "description": "",
    "routerFlow": "add-onpi-report",
    "variables": {
        "navDataSource": {
            "type": "vb/ArrayDataProvider",
            "description": "The model describing the flows in the app",
            "defaultValue": {
                "idAttribute": "id",
                "data": [
                    {
                        "name": "Add ONPI Report",
                        "id": "add-onpi-report",
                        "iconClass": "oj-fwk-icon oj-fwk-icon-list oj-navigationlist-item-icon"
                    },
                    {
                        "name": "View Reports",
                        "id": "view-reports",
                        "iconClass": "oj-fwk-icon oj-fwk-icon-list oj-navigationlist-item-icon"
                    },
                    {
                        "name": "Search",
                        "id": "search",
                        "iconClass": "oj-fwk-icon oj-fwk-icon-list oj-navigationlist-item-icon"
                    }
                ]
            }
        },
        "messagesADP": {
            "type": "vb/ArrayDataProvider",
            "defaultValue": {
                "idAttribute": "id",
                "itemType": "page:messageType"
            }
        }
    },
    "metadata": {},
    "types": {
        "messageType": {
            "id": "string",
            "severity": "string",
            "category": "string",
            "summary": "string",
            "detail": "string",
            "timestamp": "string",
            "autoTimeout": "number"
        }
    },
    "chains": {
        "showNotification": {
            "variables": {
                "eventPayload": {
                    "type": "messageType",
                    "input": "fromCaller"
                }
            },
            "root": "displayMessage",
            "actions": {
                "displayMessage": {
                    "module": "vb/action/builtin/fireDataProviderEventAction",
                    "parameters": {
                        "target": "{{ $page.variables.messagesADP }}",
                        "add": {
                            "data": "{{ [ $chain.variables.eventPayload ] }}"
                        }
                    }
                }
            }
        },
        "navigationHandler": {
            "variables": {
                "item": {
                    "required": true,
                    "type": "string",
                    "input": "fromCaller"
                },
                "updatedFrom": {
                    "type": "string",
                    "input": "fromCaller"
                }
            },
            "root": "test",
            "actions": {
                "test": {
                    "module": "vb/action/builtin/ifAction",
                    "parameters": {
                        "condition": "{{ $variables.updatedFrom !== 'external' }}"
                    },
                    "outcomes": {
                        "true": "switch1"
                    }
                },
                "switch1": {
                    "module": "vb/action/builtin/switchAction",
                    "outcomes": {
                        "add-onpi-report": "navigateToPage0",
                        "view-reports": "navigateToPage1",
                        "search": "navigateToPage2"
                    },
                    "parameters": {
                        "caseValue": "{{ $chain.variables.item }}"
                    }
                },
                "navigateToPage0": {
                    "module": "vb/action/builtin/navigateToPageAction",
                    "parameters": {
                        "page": "shell/add-onpi-report"
                    }
                },
                "navigateToPage1": {
                    "module": "vb/action/builtin/navigateToPageAction",
                    "parameters": {
                        "page": "shell/view-reports"
                    }
                },
                "navigateToPage2": {
                    "module": "vb/action/builtin/navigateToPageAction",
                    "parameters": {
                        "page": "shell/search"
                    }
                }
            }
        },
        "closeNotificationHandler": {
            "variables": {
                "eventMessage": {
                    "type": "messageType",
                    "input": "fromCaller"
                }
            },
            "root": "removeMessage",
            "actions": {
                "removeMessage": {
                    "module": "vb/action/builtin/fireDataProviderEventAction",
                    "parameters": {
                        "target": "{{ $page.variables.messagesADP }}",
                        "remove": {
                            "keys": "{{ [ $variables.eventMessage.id ] }}"
                        }
                    }
                }
            }
        }
    },
    "eventListeners": {
        "application:navigateToItem": {
            "chains": [
                {
                    "chainId": "navigationHandler",
                    "parameters": {
                        "item": "{{ $event.item }}"
                    }
                }
            ]
        },
        "vbNotification": {
            "chains": [
                {
                    "chainId": "showNotification",
                    "parameters": {
                        "eventPayload": "{{ { id: $event.key, summary: $event.summary, detail: $event.message, severity: $event.type, autoTimeout: $event.displayMode === 'transient' ? 0 : -1, timestamp: oj.IntlConverterUtils.dateToLocalIso(new Date()) } }}"
                    }
                }
            ]
        },
        "onNavigation": {
            "chains": [
                {
                    "chainId": "navigationHandler",
                    "parameters": {
                        "item": "{{ $event.detail.value }}",
                        "updatedFrom": "{{ $event.detail.updatedFrom }}"
                    }
                }
            ]
        },
        "onMessageClose": {
            "chains": [
                {
                    "chainId": "closeNotificationHandler",
                    "parameters": {
                        "eventMessage": "{{ $event.detail.message }}"
                    }
                }
            ]
        }
    },
    "imports": {
        "components": {
            "oj-messages": {
                "path": "ojs/ojmessages"
            },
            "oj-menu": {
                "path": "ojs/ojmenu"
            },
            "oj-menu-button": {
                "path": "ojs/ojbutton"
            },
            "oj-option": {
                "path": "ojs/ojoption"
            },
            "oj-toolbar": {
                "path": "ojs/ojtoolbar"
            },
            "oj-navigation-list": {
                "path": "ojs/ojnavigationlist"
            },
            "oj-button": {
                "path": "ojs/ojbutton"
            },
            "oj-dialog": {
                "path": "ojs/ojdialog"
            },
            "oj-conveyor-belt": {
                "path": "ojs/ojconveyorbelt"
            }
        }
    },
    "translations": {
        "shell": {
            "path": "./resources/strings/shell/nls/shell-strings"
        }
    }
}