{
    "displayLabel": "Media Officer",
    "fields": [
        {
            "displayLabel": "Id",
            "internal": true,
            "key": true,
            "name": "id",
            "oid": "69e44fb6-4c9b-4a3d-94a6-4a6fc897d370",
            "required": true,
            "type": "number",
            "unique": true
        },
        {
            "displayLabel": "Created",
            "internal": true,
            "name": "creationDate",
            "oid": "683c1642-80a8-42f7-8c84-6a371666b9f9",
            "type": "datetime"
        },
        {
            "displayLabel": "Last Updated",
            "internal": true,
            "name": "lastUpdateDate",
            "oid": "af712f79-402c-4619-89f4-a1f06731c08d",
            "type": "datetime"
        },
        {
            "displayLabel": "Created By",
            "internal": true,
            "name": "createdBy",
            "oid": "1e615b20-d854-4bd4-8992-0d3ebf70b724",
            "type": "string"
        },
        {
            "displayLabel": "Last Updated By",
            "internal": true,
            "name": "lastUpdatedBy",
            "oid": "d47bf387-cf13-4ea3-a21f-e06e5366e1c3",
            "type": "string"
        },
        {
            "displayLabel": "<internal>",
            "hidden": true,
            "internal": true,
            "name": "abcsChangeNumber",
            "oid": "0d914126-2630-435f-8711-b07459f34d33",
            "type": "number"
        },
        {
            "displayLabel": "MO_ID",
            "name": "MO_ID",
            "oid": "af7ac6a2-f621-477c-9ba3-61b1543a66c7",
            "type": "number"
        },
        {
            "displayLabel": "Last Name",
            "name": "lastName",
            "oid": "02f42efd-ac7b-4d3d-93d5-8f143e0ced09",
            "type": "string"
        },
        {
            "displayLabel": "First Name",
            "name": "firstName",
            "oid": "312e40eb-4f7b-4baa-b5ef-8f040e3936a4",
            "type": "string"
        },
        {
            "displayLabel": "Status",
            "name": "status",
            "oid": "d17331dc-a5fc-4134-a2d0-4e2506232479",
            "type": "string"
        },
        {
            "displayLabel": "Display Name",
            "name": "displayName",
            "oid": "2e6769b4-3f9c-4f0d-a551-73003a5c7cd9",
            "type": "string"
        }
    ],
    "name": "MediaOfficer",
    "oid": "683f0392-7ad4-452d-8c00-66e4a1092b80",
    "setupData": true
}