id,creationDate,lastUpdateDate,createdBy,lastUpdatedBy,MO_ID,lastName,firstName,status,displayName
1,2020-03-24T19:49:39,2020-03-24T19:49:39,wcampbel@nas.edu,wcampbel@nas.edu,1.0,Hicks,Craig,inactive,Craig Hicks
2,2020-03-24T19:49:39,2020-03-24T19:49:39,wcampbel@nas.edu,wcampbel@nas.edu,2.0,Quinn,Dan,inactive,Dan Quinn
3,2020-03-24T19:49:39,2020-03-24T19:49:39,wcampbel@nas.edu,wcampbel@nas.edu,3.0,Pippenger,Ellen Bailey,inactive,Ellen Bailey Pippenger
4,2020-03-24T19:49:39,2020-03-24T19:49:39,wcampbel@nas.edu,wcampbel@nas.edu,4.0,Burris,Jennifer,inactive,Jennifer Burris
5,2020-03-24T19:49:39,2020-03-24T19:49:39,wcampbel@nas.edu,wcampbel@nas.edu,5.0,Wenger,Jennifer,inactive,Jennifer Wenger
6,2020-03-24T19:49:39,2020-03-24T19:49:39,wcampbel@nas.edu,wcampbel@nas.edu,6.0,Tune,Lee,inactive,Lee Tune
7,2020-03-24T19:49:39,2020-03-24T19:49:39,wcampbel@nas.edu,wcampbel@nas.edu,7.0,Galvin,Molly,inactive,Molly Galvin
8,2020-03-24T19:49:39,2020-03-24T19:49:39,wcampbel@nas.edu,wcampbel@nas.edu,8.0,Moini,Saira,inactive,Saira Moini
9,2020-03-24T19:49:39,2020-03-24T19:49:39,wcampbel@nas.edu,wcampbel@nas.edu,9.0,Turner-Lowe,Susan,inactive,Susan Turner-Lowe
10,2020-03-24T19:49:39,2020-03-24T19:49:39,wcampbel@nas.edu,wcampbel@nas.edu,10.0,beat,DEPS/TRB/NAE,inactive,DEPS/TRB/NAE beat
11,2020-03-24T19:49:39,2020-03-24T19:49:39,wcampbel@nas.edu,wcampbel@nas.edu,11.0,Beat,IOM,inactive,IOM Beat
12,2020-03-24T19:49:39,2020-03-24T19:49:39,wcampbel@nas.edu,wcampbel@nas.edu,12.0,Rice,Barbara,inactive,Barbara Rice
13,2020-03-24T19:49:39,2020-03-24T19:49:39,wcampbel@nas.edu,wcampbel@nas.edu,13.0,Skane,Bill,inactive,Bill Skane
14,2020-03-24T19:49:39,2020-03-24T19:49:39,wcampbel@nas.edu,wcampbel@nas.edu,14.0,Stencel,Christine,inactive,Christine Stencel
15,2020-03-24T19:49:39,2020-03-24T19:49:39,wcampbel@nas.edu,wcampbel@nas.edu,15.0,O'Leary,Maureen,inactive,Maureen O'Leary
16,2020-03-24T19:49:39,2020-03-24T19:49:39,wcampbel@nas.edu,wcampbel@nas.edu,16.0,Jackson,Paul,inactive,Paul Jackson
17,2020-03-24T19:49:39,2020-03-24T19:49:39,wcampbel@nas.edu,wcampbel@nas.edu,17.0,Frueh,Sara,active,Sara Frueh
18,2020-03-24T19:49:39,2020-03-24T19:49:39,wcampbel@nas.edu,wcampbel@nas.edu,18.0,Kearney,William,active,William Kearney
19,2020-03-24T19:49:39,2020-03-24T19:49:39,wcampbel@nas.edu,wcampbel@nas.edu,19.0,Ruediger,Nicole,inactive,Nicole Ruediger
20,2020-03-24T19:49:39,2020-03-24T19:49:39,wcampbel@nas.edu,wcampbel@nas.edu,20.0,Arberg,Cory,inactive,Cory Arberg
21,2020-03-24T19:49:39,2020-03-24T19:49:39,wcampbel@nas.edu,wcampbel@nas.edu,21.0,Greenhouse,Cheryl,inactive,Cheryl Greenhouse
22,2020-03-24T19:49:39,2020-03-24T19:49:39,wcampbel@nas.edu,wcampbel@nas.edu,51.0,Hicks,Craig,inactive,Craig Hicks
23,2020-03-24T19:49:39,2020-03-24T19:49:39,wcampbel@nas.edu,wcampbel@nas.edu,52.0,Moini,Saira,inactive,Saira Moini 
24,2020-03-24T19:49:39,2020-03-24T19:49:39,wcampbel@nas.edu,wcampbel@nas.edu,53.0,Rice,Barbara,inactive,Barbara  Rice
25,2020-03-24T19:49:39,2020-03-24T19:49:39,wcampbel@nas.edu,wcampbel@nas.edu,54.0,Galley,Delia,inactive,Delia Galley
26,2020-03-24T19:49:39,2020-03-24T19:49:39,wcampbel@nas.edu,wcampbel@nas.edu,55.0,Freuh,Sarah,inactive,Sarah Freuh
27,2020-03-24T19:49:39,2020-03-24T19:49:39,wcampbel@nas.edu,wcampbel@nas.edu,56.0,galley,delia,inactive,delia galley
28,2020-03-24T19:49:39,2020-03-24T19:49:39,wcampbel@nas.edu,wcampbel@nas.edu,57.0,Frueh,Sara,inactive,Sara Frueh
29,2020-03-24T19:49:39,2020-03-24T19:49:39,wcampbel@nas.edu,wcampbel@nas.edu,58.0,Vines,Vanee,inactive,Vanee Vines
30,2020-03-24T19:49:39,2020-03-24T19:49:39,wcampbel@nas.edu,wcampbel@nas.edu,59.0,Walsh,Jennifer,active,Jennifer Walsh
31,2020-03-24T19:49:39,2020-03-24T19:49:39,wcampbel@nas.edu,wcampbel@nas.edu,60.0,Alvania,Rebecca,inactive,Rebecca Alvania
32,2020-03-24T19:49:39,2020-03-24T19:49:39,wcampbel@nas.edu,wcampbel@nas.edu,61.0,Galvin,Molly,active,Molly Galvin
33,2020-03-24T19:49:39,2020-03-24T19:49:39,wcampbel@nas.edu,wcampbel@nas.edu,62.0,Hancock,Lorin,inactive,Lorin Hancock
34,2020-03-24T19:49:39,2020-03-24T19:49:39,wcampbel@nas.edu,wcampbel@nas.edu,63.0,,,inactive," "
35,2020-03-24T19:49:39,2020-03-24T19:49:39,wcampbel@nas.edu,wcampbel@nas.edu,64.0,Rugani,Lauren,inactive,Lauren Rugani
36,2020-03-24T19:49:39,2020-03-24T19:49:39,wcampbel@nas.edu,wcampbel@nas.edu,65.0,,,inactive," "
37,2020-03-24T19:49:39,2020-03-24T19:49:39,wcampbel@nas.edu,wcampbel@nas.edu,66.0,Dickson,Chelsea,inactive,Chelsea Dickson
38,2020-03-24T19:49:39,2020-03-24T19:49:39,wcampbel@nas.edu,wcampbel@nas.edu,67.0,Brody,Rachel,inactive,Rachel Brody
39,2020-03-24T19:49:39,2020-03-24T19:49:39,wcampbel@nas.edu,wcampbel@nas.edu,68.0,,,inactive," "
40,2020-03-24T19:49:39,2020-03-24T19:49:39,wcampbel@nas.edu,wcampbel@nas.edu,69.0,Korsen,Dana,active,Dana Korsen
41,2020-03-24T19:49:39,2020-03-24T19:49:39,wcampbel@nas.edu,wcampbel@nas.edu,70.0,Olsen,Jennifer,inactive,Jennifer Olsen
42,2020-03-24T19:49:39,2020-03-24T19:49:39,wcampbel@nas.edu,wcampbel@nas.edu,71.0,Raschke,Emily,inactive,Emily Raschke
43,2020-03-24T19:49:39,2020-03-24T19:49:39,wcampbel@nas.edu,wcampbel@nas.edu,72.0,Olson,Jennifer,active,Jennifer Olson
44,2020-03-24T19:49:39,2020-03-24T19:49:39,wcampbel@nas.edu,wcampbel@nas.edu,73.0,Anandwala,Riya,inactive,Riya Anandwala
45,2020-03-24T19:49:39,2020-03-24T19:49:39,wcampbel@nas.edu,wcampbel@nas.edu,74.0,Templin,Kacey,active,Kacey Templin
46,2020-03-24T19:49:39,2020-03-24T19:49:39,wcampbel@nas.edu,wcampbel@nas.edu,75.0,Miceli,Stephanie,active,Stephanie Miceli
47,2020-03-24T19:49:39,2020-03-24T19:49:39,wcampbel@nas.edu,wcampbel@nas.edu,76.0,,,active," "
48,2020-03-24T19:49:39,2020-03-24T19:49:39,wcampbel@nas.edu,wcampbel@nas.edu,77.0,Lowry,Megan,active,Megan Lowry
