{
    "displayLabel": "Cities",
    "fields": [
        {
            "displayLabel": "Id",
            "internal": true,
            "key": true,
            "name": "id",
            "oid": "4e58fe1f-ccc6-4bd5-95ca-d0d9f1e7388a",
            "required": true,
            "type": "number",
            "unique": true
        },
        {
            "displayLabel": "Created",
            "internal": true,
            "name": "creationDate",
            "oid": "1053df3d-9bb8-41dd-8029-cc9894409888",
            "type": "datetime"
        },
        {
            "displayLabel": "Last Updated",
            "internal": true,
            "name": "lastUpdateDate",
            "oid": "0dfe9ff9-3233-4b23-ad95-c62e29db1b3c",
            "type": "datetime"
        },
        {
            "displayLabel": "Created By",
            "internal": true,
            "name": "createdBy",
            "oid": "d8ea56f7-619c-4910-adcb-c4f13a4e4151",
            "type": "string"
        },
        {
            "displayLabel": "Last Updated By",
            "internal": true,
            "name": "lastUpdatedBy",
            "oid": "9451c377-957f-4b73-b2bd-3320ac3b7091",
            "type": "string"
        },
        {
            "displayLabel": "<internal>",
            "hidden": true,
            "internal": true,
            "name": "abcsChangeNumber",
            "oid": "b78602c4-89bb-463a-b025-e4ce57b6a2fb",
            "type": "number"
        },
        {
            "displayLabel": "ZIP",
            "name": "ZIP",
            "oid": "62d2d9f3-7616-4342-bdf5-4ed74359c46c",
            "type": "number"
        },
        {
            "displayLabel": "LATITUDE",
            "name": "LATITUDE",
            "oid": "ed544007-5186-49cf-a970-783035ad450f",
            "type": "number"
        },
        {
            "displayLabel": "LONGITUDE",
            "name": "LONGITUDE",
            "oid": "8b2e1fc5-2717-4318-8010-1dd66c3475a8",
            "type": "number"
        },
        {
            "displayLabel": "CITY",
            "name": "CITY",
            "oid": "033cd198-e930-412f-a097-1f3ed1927c7c",
            "type": "string"
        },
        {
            "displayLabel": "STATE",
            "name": "STATE",
            "oid": "3c6b0b51-5487-4ee8-aeb3-d8273a1ac433",
            "type": "string"
        },
        {
            "displayLabel": "COUNTY",
            "name": "COUNTY",
            "oid": "62c568b7-95bd-4ab6-a9db-41f89b77c750",
            "type": "string"
        },
        {
            "displayLabel": "ZIP_CLASS",
            "name": "ZIPCLASS",
            "oid": "ed53af73-5710-4967-b0f8-aeb2f217beb7",
            "type": "string"
        }
    ],
    "name": "Cities",
    "oid": "267e8f54-c58d-43c8-8d84-3d8832c9d07d",
    "setupData": true
}