{
    "displayLabel": "State",
    "fields": [
        {
            "displayLabel": "Id",
            "internal": true,
            "key": true,
            "name": "id",
            "oid": "3f6dfa5f-0d89-434a-b498-72520524fc33",
            "required": true,
            "type": "number",
            "unique": true
        },
        {
            "displayLabel": "Created",
            "internal": true,
            "name": "creationDate",
            "oid": "2cc507f2-a3ea-4392-910e-f319344fdd6d",
            "type": "datetime"
        },
        {
            "displayLabel": "Last Updated",
            "internal": true,
            "name": "lastUpdateDate",
            "oid": "b8d0577d-1945-4f8c-a033-d755ee04e648",
            "type": "datetime"
        },
        {
            "displayLabel": "Created By",
            "internal": true,
            "name": "createdBy",
            "oid": "031d8cea-f5da-4224-b48b-064957a2706c",
            "type": "string"
        },
        {
            "displayLabel": "Last Updated By",
            "internal": true,
            "name": "lastUpdatedBy",
            "oid": "57c4fcad-3f5f-42d0-99a8-91c4c11b1cf2",
            "type": "string"
        },
        {
            "displayLabel": "<internal>",
            "hidden": true,
            "internal": true,
            "name": "abcsChangeNumber",
            "oid": "41e824f0-41ef-4f4c-b089-efea8ee85d49",
            "type": "number"
        },
        {
            "displayLabel": "STATE_ID",
            "name": "STATE_ID",
            "oid": "9ec1c036-90ad-40fb-8a3b-0dcf29efd8c8",
            "type": "number"
        },
        {
            "displayLabel": "State Name",
            "name": "stateName",
            "oid": "ccba6174-343d-4988-8859-4c30293c8925",
            "type": "string"
        },
        {
            "displayLabel": "State Abbr",
            "name": "stateAbbr",
            "oid": "94ff13a2-6d28-4f72-897d-9a8087ad0a57",
            "type": "string"
        }
    ],
    "name": "State",
    "oid": "5292de5e-e2a6-43ee-853b-6121ad5f92d4",
    "setupData": true
}