id,creationDate,lastUpdateDate,createdBy,lastUpdatedBy,STATE_ID,stateName,stateAbbr
1,2020-03-24T20:01:02,2020-03-24T20:01:02,wcampbel@nas.edu,wcampbel@nas.edu,1.0,ALABAMA,AL
2,2020-03-24T20:01:02,2020-03-24T20:01:02,wcampbel@nas.edu,wcampbel@nas.edu,2.0,ALASKA,AK
3,2020-03-24T20:01:02,2020-03-24T20:01:02,wcampbel@nas.edu,wcampbel@nas.edu,3.0,AMERICAN SAMOA,AS
4,2020-03-24T20:01:02,2020-03-24T20:01:02,wcampbel@nas.edu,wcampbel@nas.edu,4.0,ARIZONA,AZ
5,2020-03-24T20:01:02,2020-03-24T20:01:02,wcampbel@nas.edu,wcampbel@nas.edu,5.0,ARKANSAS,AR
6,2020-03-24T20:01:02,2020-03-24T20:01:02,wcampbel@nas.edu,wcampbel@nas.edu,6.0,CALIFORNIA,CA
7,2020-03-24T20:01:02,2020-03-24T20:01:02,wcampbel@nas.edu,wcampbel@nas.edu,7.0,COLORADO,CO
8,2020-03-24T20:01:02,2020-03-24T20:01:02,wcampbel@nas.edu,wcampbel@nas.edu,8.0,CONNECTICUT,CT
9,2020-03-24T20:01:02,2020-03-24T20:01:02,wcampbel@nas.edu,wcampbel@nas.edu,9.0,DELAWARE,DE
10,2020-03-24T20:01:02,2020-03-24T20:01:02,wcampbel@nas.edu,wcampbel@nas.edu,10.0,DISTRICT OF COLUMBIA,DC
11,2020-03-24T20:01:02,2020-03-24T20:01:02,wcampbel@nas.edu,wcampbel@nas.edu,11.0,FEDERATED STATES OF MICRONESIA,FM
12,2020-03-24T20:01:02,2020-03-24T20:01:02,wcampbel@nas.edu,wcampbel@nas.edu,12.0,FLORIDA,FL
13,2020-03-24T20:01:02,2020-03-24T20:01:02,wcampbel@nas.edu,wcampbel@nas.edu,13.0,GEORGIA,GA
14,2020-03-24T20:01:02,2020-03-24T20:01:02,wcampbel@nas.edu,wcampbel@nas.edu,14.0,GUAM,GU
15,2020-03-24T20:01:02,2020-03-24T20:01:02,wcampbel@nas.edu,wcampbel@nas.edu,15.0,HAWAII,HI
16,2020-03-24T20:01:02,2020-03-24T20:01:02,wcampbel@nas.edu,wcampbel@nas.edu,16.0,IDAHO,ID
17,2020-03-24T20:01:02,2020-03-24T20:01:02,wcampbel@nas.edu,wcampbel@nas.edu,17.0,ILLINOIS,IL
18,2020-03-24T20:01:02,2020-03-24T20:01:02,wcampbel@nas.edu,wcampbel@nas.edu,18.0,INDIANA,IN
19,2020-03-24T20:01:02,2020-03-24T20:01:02,wcampbel@nas.edu,wcampbel@nas.edu,19.0,IOWA,IA
20,2020-03-24T20:01:02,2020-03-24T20:01:02,wcampbel@nas.edu,wcampbel@nas.edu,20.0,KANSAS,KS
21,2020-03-24T20:01:02,2020-03-24T20:01:02,wcampbel@nas.edu,wcampbel@nas.edu,21.0,KENTUCKY,KY
22,2020-03-24T20:01:02,2020-03-24T20:01:02,wcampbel@nas.edu,wcampbel@nas.edu,22.0,LOUISIANA,LA
23,2020-03-24T20:01:02,2020-03-24T20:01:02,wcampbel@nas.edu,wcampbel@nas.edu,23.0,MAINE,ME
24,2020-03-24T20:01:02,2020-03-24T20:01:02,wcampbel@nas.edu,wcampbel@nas.edu,24.0,MARSHALL ISLANDS,MH
25,2020-03-24T20:01:02,2020-03-24T20:01:02,wcampbel@nas.edu,wcampbel@nas.edu,25.0,MARYLAND,MD
26,2020-03-24T20:01:02,2020-03-24T20:01:02,wcampbel@nas.edu,wcampbel@nas.edu,26.0,MASSACHUSETTS,MA
27,2020-03-24T20:01:02,2020-03-24T20:01:02,wcampbel@nas.edu,wcampbel@nas.edu,27.0,MICHIGAN,MI
28,2020-03-24T20:01:02,2020-03-24T20:01:02,wcampbel@nas.edu,wcampbel@nas.edu,28.0,MINNESOTA,MN
29,2020-03-24T20:01:02,2020-03-24T20:01:02,wcampbel@nas.edu,wcampbel@nas.edu,29.0,MISSISSIPPI,MS
30,2020-03-24T20:01:02,2020-03-24T20:01:02,wcampbel@nas.edu,wcampbel@nas.edu,30.0,MISSOURI,MO
31,2020-03-24T20:01:02,2020-03-24T20:01:02,wcampbel@nas.edu,wcampbel@nas.edu,31.0,MONTANA,MT
32,2020-03-24T20:01:02,2020-03-24T20:01:02,wcampbel@nas.edu,wcampbel@nas.edu,32.0,NEBRASKA,NE
33,2020-03-24T20:01:02,2020-03-24T20:01:02,wcampbel@nas.edu,wcampbel@nas.edu,33.0,NEVADA,NV
34,2020-03-24T20:01:02,2020-03-24T20:01:02,wcampbel@nas.edu,wcampbel@nas.edu,34.0,NEW HAMPSHIRE,NH
35,2020-03-24T20:01:02,2020-03-24T20:01:02,wcampbel@nas.edu,wcampbel@nas.edu,35.0,NEW JERSEY,NJ
36,2020-03-24T20:01:02,2020-03-24T20:01:02,wcampbel@nas.edu,wcampbel@nas.edu,36.0,NEW YORK,NY
37,2020-03-24T20:01:02,2020-03-24T20:01:02,wcampbel@nas.edu,wcampbel@nas.edu,37.0,NORTH CAROLINA,NM
38,2020-03-24T20:01:02,2020-03-24T20:01:02,wcampbel@nas.edu,wcampbel@nas.edu,38.0,NORTH DAKOTA,ND
39,2020-03-24T20:01:02,2020-03-24T20:01:02,wcampbel@nas.edu,wcampbel@nas.edu,39.0,NORTHERN MARIANA ISLANDS,MP
40,2020-03-24T20:01:02,2020-03-24T20:01:02,wcampbel@nas.edu,wcampbel@nas.edu,40.0,OHIO,OH
41,2020-03-24T20:01:02,2020-03-24T20:01:02,wcampbel@nas.edu,wcampbel@nas.edu,41.0,OKLAHOMA,OK
42,2020-03-24T20:01:02,2020-03-24T20:01:02,wcampbel@nas.edu,wcampbel@nas.edu,42.0,OREGON,OR
43,2020-03-24T20:01:02,2020-03-24T20:01:02,wcampbel@nas.edu,wcampbel@nas.edu,43.0,PALAU,PW
44,2020-03-24T20:01:02,2020-03-24T20:01:02,wcampbel@nas.edu,wcampbel@nas.edu,44.0,PENNSYLVANIA,PA
45,2020-03-24T20:01:02,2020-03-24T20:01:02,wcampbel@nas.edu,wcampbel@nas.edu,45.0,PUERTO RICO,PR
46,2020-03-24T20:01:02,2020-03-24T20:01:02,wcampbel@nas.edu,wcampbel@nas.edu,46.0,RHODE ISLAND,RI
47,2020-03-24T20:01:02,2020-03-24T20:01:02,wcampbel@nas.edu,wcampbel@nas.edu,47.0,SOUTH CAROLINA,SC
48,2020-03-24T20:01:02,2020-03-24T20:01:02,wcampbel@nas.edu,wcampbel@nas.edu,48.0,SOUTH DAKOTA,SD
49,2020-03-24T20:01:02,2020-03-24T20:01:02,wcampbel@nas.edu,wcampbel@nas.edu,49.0,TENNESSEE,TN
50,2020-03-24T20:01:02,2020-03-24T20:01:02,wcampbel@nas.edu,wcampbel@nas.edu,50.0,TEXAS,TX
51,2020-03-24T20:01:02,2020-03-24T20:01:02,wcampbel@nas.edu,wcampbel@nas.edu,51.0,UTAH,UT
52,2020-03-24T20:01:02,2020-03-24T20:01:02,wcampbel@nas.edu,wcampbel@nas.edu,52.0,VERMONT,VT
53,2020-03-24T20:01:02,2020-03-24T20:01:02,wcampbel@nas.edu,wcampbel@nas.edu,53.0,VIRGIN ISLANDS,VI
54,2020-03-24T20:01:02,2020-03-24T20:01:02,wcampbel@nas.edu,wcampbel@nas.edu,54.0,VIRGINIA,VA
55,2020-03-24T20:01:02,2020-03-24T20:01:02,wcampbel@nas.edu,wcampbel@nas.edu,55.0,WASHINGTON,WA
56,2020-03-24T20:01:02,2020-03-24T20:01:02,wcampbel@nas.edu,wcampbel@nas.edu,56.0,WEST VIRGINIA,WV
57,2020-03-24T20:01:02,2020-03-24T20:01:02,wcampbel@nas.edu,wcampbel@nas.edu,57.0,WISCONSIN,WI
58,2020-03-24T20:01:02,2020-03-24T20:01:02,wcampbel@nas.edu,wcampbel@nas.edu,58.0,WYOMING,WY
