{
  "pageModelVersion": "19.3.1",
  "title": "",
  "description": "",
  "variables": {},
  "metadata": {},
  "types": {},
  "chains": {},
  "eventListeners": {},
  "imports": {
    "components": {
      "oj-label": {
        "path": "ojs/ojlabel"
      },
      "oj-input-text": {
        "path": "ojs/ojinputtext"
      },
      "oj-input-date": {
        "path": "ojs/ojdatetimepicker"
      },
      "oj-input-time": {
        "path": "ojs/ojdatetimepicker"
      },
      "oj-input-date-time": {
        "path": "ojs/ojdatetimepicker"
      },
      "oj-select-one": {
        "path": "ojs/ojselectcombobox"
      },
      "oj-select-many": {
        "path": "ojs/ojselectcombobox"
      },
      "oj-text-area": {
        "path": "ojs/ojinputtext"
      },
      "oj-radioset": {
        "path": "ojs/ojradioset"
      },
      "oj-option": {
        "path": "ojs/ojoption"
      },
      "oj-button": {
        "path": "ojs/ojbutton"
      }
    }
  }
}