{
    "displayLabel": "Assistant",
    "fields": [
        {
            "displayLabel": "Id",
            "internal": true,
            "key": true,
            "name": "id",
            "oid": "b9558ada-d1ff-4a6c-8868-ca97187ff326",
            "required": true,
            "type": "number",
            "unique": true
        },
        {
            "displayLabel": "Created",
            "internal": true,
            "name": "creationDate",
            "oid": "0895a1f6-3dd0-46a9-b207-fbf91e5d3f63",
            "type": "datetime"
        },
        {
            "displayLabel": "Last Updated",
            "internal": true,
            "name": "lastUpdateDate",
            "oid": "491a4478-f9ac-4398-9df7-a16a5083291c",
            "type": "datetime"
        },
        {
            "displayLabel": "Created By",
            "internal": true,
            "name": "createdBy",
            "oid": "f18903f5-2c56-4b0e-9e2d-a95ed23c3d36",
            "type": "string"
        },
        {
            "displayLabel": "Last Updated By",
            "internal": true,
            "name": "lastUpdatedBy",
            "oid": "79d0a228-ed58-4774-bfef-3e7d33144d47",
            "type": "string"
        },
        {
            "displayLabel": "<internal>",
            "hidden": true,
            "internal": true,
            "name": "abcsChangeNumber",
            "oid": "ff23602d-9b3c-4bd4-8fc2-428d039d34ad",
            "type": "number"
        },
        {
            "displayLabel": "ASS_ID",
            "name": "ASS_ID",
            "oid": "9ed8dc0f-e03c-40b0-b428-69b320c4cd93",
            "type": "number"
        },
        {
            "displayLabel": "Last Name",
            "name": "lastName",
            "oid": "d090c1d7-a7c5-409c-b945-4a2512e72865",
            "type": "string"
        },
        {
            "displayLabel": "First Name",
            "name": "firstName",
            "oid": "ff63801e-5769-4c21-867f-38f05626d7a6",
            "type": "string"
        },
        {
            "displayLabel": "Status",
            "name": "status",
            "oid": "b90b0fdf-2be6-4110-a2aa-0301835c5fd1",
            "type": "string"
        },
        {
            "displayLabel": "Display Name",
            "name": "displayName",
            "oid": "6f4154c6-a1f4-482e-931e-3bd2c300ba47",
            "type": "string"
        }
    ],
    "name": "Assistant",
    "oid": "20a9d74a-f291-4510-b021-5c784f632518",
    "setupData": true
}