id,creationDate,lastUpdateDate,createdBy,lastUpdatedBy,ASS_ID,lastName,firstName,status,displayName
1,2020-03-24T19:44:07,2020-03-24T19:44:07,wcampbel@nas.edu,wcampbel@nas.edu,1.0,Kushner,Amy,inactive,Amy Kushner
2,2020-03-24T19:44:07,2020-03-24T19:44:07,wcampbel@nas.edu,wcampbel@nas.edu,2.0,Durham,Andrea,inactive,Andrea Durham
3,2020-03-24T19:44:07,2020-03-24T19:44:07,wcampbel@nas.edu,wcampbel@nas.edu,3.0,Sellers,April,inactive,April Sellers
4,2020-03-24T19:44:07,2020-03-24T19:44:07,wcampbel@nas.edu,wcampbel@nas.edu,4.0,Habel,Becky,inactive,Becky Habel
5,2020-03-24T19:44:07,2020-03-24T19:44:07,wcampbel@nas.edu,wcampbel@nas.edu,5.0,Bortone,Brad,inactive,Brad Bortone
6,2020-03-24T19:44:07,2020-03-24T19:44:07,wcampbel@nas.edu,wcampbel@nas.edu,6.0,Arberg,Cory,inactive,Cory Arberg
7,2020-03-24T19:44:07,2020-03-24T19:44:07,wcampbel@nas.edu,wcampbel@nas.edu,7.0,Griggs,Darice,inactive,Darice Griggs
8,2020-03-24T19:44:07,2020-03-24T19:44:07,wcampbel@nas.edu,wcampbel@nas.edu,8.0,Schneier,David,inactive,David Schneier
9,2020-03-24T19:44:07,2020-03-24T19:44:07,wcampbel@nas.edu,wcampbel@nas.edu,9.0,Ndlovu,Dumi,inactive,Dumi Ndlovu
10,2020-03-24T19:44:07,2020-03-24T19:44:07,wcampbel@nas.edu,wcampbel@nas.edu,10.0,Georgountzos,George,inactive,George Georgountzos
11,2020-03-24T19:44:07,2020-03-24T19:44:07,wcampbel@nas.edu,wcampbel@nas.edu,11.0,Cavendish,Jennifer,inactive,Jennifer Cavendish
12,2020-03-24T19:44:07,2020-03-24T19:44:07,wcampbel@nas.edu,wcampbel@nas.edu,12.0,Cooke,Jennifer,inactive,Jennifer Cooke
13,2020-03-24T19:44:07,2020-03-24T19:44:07,wcampbel@nas.edu,wcampbel@nas.edu,13.0,Lin,Justin,inactive,Justin Lin
14,2020-03-24T19:44:07,2020-03-24T19:44:07,wcampbel@nas.edu,wcampbel@nas.edu,14.0,McMullin,Kathi,inactive,Kathi McMullin
15,2020-03-24T19:44:07,2020-03-24T19:44:07,wcampbel@nas.edu,wcampbel@nas.edu,15.0,Nye,Kristen,inactive,Kristen Nye
16,2020-03-24T19:44:07,2020-03-24T19:44:07,wcampbel@nas.edu,wcampbel@nas.edu,16.0,Chesnek,Mark,inactive,Mark Chesnek
17,2020-03-24T19:44:07,2020-03-24T19:44:07,wcampbel@nas.edu,wcampbel@nas.edu,17.0,O'Neill,Megan,inactive,Megan O'Neill
18,2020-03-24T19:44:07,2020-03-24T19:44:07,wcampbel@nas.edu,wcampbel@nas.edu,18.0,McLaughlin,Sean,inactive,Sean McLaughlin
19,2020-03-24T19:44:07,2020-03-24T19:44:07,wcampbel@nas.edu,wcampbel@nas.edu,19.0,Flannery,Shannon,inactive,Shannon Flannery
20,2020-03-24T19:44:07,2020-03-24T19:44:07,wcampbel@nas.edu,wcampbel@nas.edu,20.0,Bailey,Todd,inactive,Todd Bailey
21,2020-03-24T19:44:07,2020-03-24T19:44:07,wcampbel@nas.edu,wcampbel@nas.edu,21.0,Kearney,William,inactive,William Kearney
22,2020-03-24T19:44:07,2020-03-24T19:44:07,wcampbel@nas.edu,wcampbel@nas.edu,22.0,Parsons,Mark,inactive,Mark Parsons
23,2020-03-24T19:44:07,2020-03-24T19:44:07,wcampbel@nas.edu,wcampbel@nas.edu,23.0,Petty,Megan,inactive,Megan Petty
24,2020-03-24T19:44:07,2020-03-24T19:44:07,wcampbel@nas.edu,wcampbel@nas.edu,24.0,Dobbins,Chris,inactive,Chris Dobbins
25,2020-03-24T19:44:07,2020-03-24T19:44:07,wcampbel@nas.edu,wcampbel@nas.edu,25.0,McDonald,Heather,inactive,Heather McDonald
26,2020-03-24T19:44:07,2020-03-24T19:44:07,wcampbel@nas.edu,wcampbel@nas.edu,26.0,Temp,ONPI,inactive,ONPI Temp
27,2020-03-24T19:44:07,2020-03-24T19:44:07,wcampbel@nas.edu,wcampbel@nas.edu,27.0,Coggeshall,Dove,inactive,Dove Coggeshall
28,2020-03-24T19:44:07,2020-03-24T19:44:07,wcampbel@nas.edu,wcampbel@nas.edu,28.0,Grant,Polly,inactive,Polly Grant
29,2020-03-24T19:44:07,2020-03-24T19:44:07,wcampbel@nas.edu,wcampbel@nas.edu,29.0,Thornett,Rob,inactive,Rob Thornett
30,2020-03-24T19:44:07,2020-03-24T19:44:07,wcampbel@nas.edu,wcampbel@nas.edu,30.0,Furrow,Sandra,inactive,Sandra Furrow
31,2020-03-24T19:44:07,2020-03-24T19:44:07,wcampbel@nas.edu,wcampbel@nas.edu,31.0,Solheim,Shelley,inactive,Shelley Solheim
32,2020-03-24T19:44:07,2020-03-24T19:44:07,wcampbel@nas.edu,wcampbel@nas.edu,32.0,Julian,Richard,inactive,Richard Julian
33,2020-03-24T19:44:07,2020-03-24T19:44:07,wcampbel@nas.edu,wcampbel@nas.edu,33.0,Strikowsky,Michelle,inactive,Michelle Strikowsky
34,2020-03-24T19:44:07,2020-03-24T19:44:07,wcampbel@nas.edu,wcampbel@nas.edu,52.0,Quinn,Alana,inactive,Alana Quinn
35,2020-03-24T19:44:07,2020-03-24T19:44:07,wcampbel@nas.edu,wcampbel@nas.edu,53.0,Morocco,Sarah,inactive,Sarah Morocco
36,2020-03-24T19:44:07,2020-03-24T19:44:07,wcampbel@nas.edu,wcampbel@nas.edu,54.0,Morocco,Sarah,inactive,Sarah Morocco
37,2020-03-24T19:44:07,2020-03-24T19:44:07,wcampbel@nas.edu,wcampbel@nas.edu,55.0,campbell,bil,inactive,bil campbell
38,2020-03-24T19:44:07,2020-03-24T19:44:07,wcampbel@nas.edu,wcampbel@nas.edu,56.0,Berryman,Kimberley,inactive,Kimberley Berryman
39,2020-03-24T19:44:07,2020-03-24T19:44:07,wcampbel@nas.edu,wcampbel@nas.edu,57.0,Berryman,Kimberly,inactive,Kimberly Berryman
40,2020-03-24T19:44:07,2020-03-24T19:44:07,wcampbel@nas.edu,wcampbel@nas.edu,58.0,Burnette,Alison,inactive,Alison Burnette
41,2020-03-24T19:44:07,2020-03-24T19:44:07,wcampbel@nas.edu,wcampbel@nas.edu,59.0,Yeibio,Luwam,inactive,Luwam Yeibio
42,2020-03-24T19:44:07,2020-03-24T19:44:07,wcampbel@nas.edu,wcampbel@nas.edu,60.0,White,Christopher,inactive,Christopher White
43,2020-03-24T19:44:07,2020-03-24T19:44:07,wcampbel@nas.edu,wcampbel@nas.edu,61.0,Shields,Shaquanna,inactive,Shaquanna Shields
44,2020-03-24T19:44:07,2020-03-24T19:44:07,wcampbel@nas.edu,wcampbel@nas.edu,62.0,,,inactive," "
45,2020-03-24T19:44:07,2020-03-24T19:44:07,wcampbel@nas.edu,wcampbel@nas.edu,63.0,Dickson,Chelsea,inactive,Chelsea Dickson
46,2020-03-24T19:44:07,2020-03-24T19:44:07,wcampbel@nas.edu,wcampbel@nas.edu,64.0,Brody,Rachel,inactive,Rachel Brody
47,2020-03-24T19:44:07,2020-03-24T19:44:07,wcampbel@nas.edu,wcampbel@nas.edu,65.0,White,Monica,inactive,Monica White
48,2020-03-24T19:44:07,2020-03-24T19:44:07,wcampbel@nas.edu,wcampbel@nas.edu,66.0,Anderson,Christina,inactive,Christina  Anderson 
49,2020-03-24T19:44:07,2020-03-24T19:44:07,wcampbel@nas.edu,wcampbel@nas.edu,67.0,Anderson,Christina,inactive,Christina Anderson
50,2020-03-24T19:44:07,2020-03-24T19:44:07,wcampbel@nas.edu,wcampbel@nas.edu,68.0,Raschke,Emily,inactive,Emily Raschke
51,2020-03-24T19:44:07,2020-03-24T19:44:07,wcampbel@nas.edu,wcampbel@nas.edu,69.0,Minus,Grace,inactive,Grace Minus
52,2020-03-24T19:44:07,2020-03-24T19:44:07,wcampbel@nas.edu,wcampbel@nas.edu,70.0,Ray,Rebecca,inactive,Rebecca Ray
53,2020-03-24T19:44:07,2020-03-24T19:44:07,wcampbel@nas.edu,wcampbel@nas.edu,71.0,Blatt,Joshua,inactive,Joshua Blatt
54,2020-03-24T19:44:07,2020-03-24T19:44:07,wcampbel@nas.edu,wcampbel@nas.edu,72.0,Roth,Samantha,inactive,Samantha Roth
55,2020-03-24T19:44:07,2020-03-24T19:44:07,wcampbel@nas.edu,wcampbel@nas.edu,73.0,,,active," "
56,2020-03-24T19:44:07,2020-03-24T19:44:07,wcampbel@nas.edu,wcampbel@nas.edu,74.0,Robinson,Andrew,active,Andrew  Robinson
57,2020-03-24T19:44:07,2020-03-24T19:44:07,wcampbel@nas.edu,wcampbel@nas.edu,75.0,Parker,Brent,active,Brent Parker
